id,headline,wins,losses,ties,comparisons,uncertainty
1,Supreme Court Rules on Landmark Voting Rights Case Sources Say,0,1,0,1,1
2,Tech Giants Face Antitrust Scrutiny Sources Say,1,0,0,1,1
3,Deadly Shooting Highlights Gun Control Debate Sources Say,1,0,0,1,1
4,The Rise of Political Violence Threatens Democratic Norms (Updated),0,1,0,1,1
5,Tech Regulation Stalls as Industry Influence Grows Sources Say,0,1,0,1,1
6,Pentagon Papers for a New Era: Government Secrecy Examined as Tensions Rise,1,0,0,1,1
7,Biden's Border Crisis Reaches New Heights | Opinion,1,0,0,1,1
8,Global Supply Chain Disruptions Reshape the Economy Amid Growing Concerns,0,1,0,1,1
9,Biden's Border Crisis Reaches New Heights (Updated),0,0,1,1,1
10,Healthcare Reform Battle Heats Up in Congress in Latest Development,0,0,1,1,1
11,Global Democracy in Retreat as Authoritarianism Rises | Opinion,0,1,0,1,1
12,Voting Rights Act Protections Weakened by Court Rulings Amid Growing Concerns,1,0,0,1,1
13,Small Business Owners Crushed by New Regulations Amid Growing Concerns,0,1,0,1,1
14,Religious Liberty Under Siege From Radical Left,1,0,0,1,1
15,Biden's Border Crisis Reaches New Heights in Latest Development,1,0,0,1,1
16,Global Supply Chain Disruptions Reshape the Economy,0,1,0,1,1
17,Mental Health Crisis Among Young Americans Deepens (Updated),0,1,0,1,1
18,Second Amendment Rights Under Attack by Democrats - Report,1,0,0,1,1
19,Trump Administration Faces Backlash Over Immigration Policy Amid Growing Concerns,1,0,0,1,1
20,Energy Independence Sacrificed for Green New Deal Sources Say,0,1,0,1,1
21,Healthcare Reform Battle Heats Up in Congress | Opinion,1,0,0,1,1
22,Gun Violence Epidemic Sparks Renewed Calls for Action Sources Say,0,1,0,1,1
23,Trump Rally Draws Massive Crowds Across Nation Sources Say,1,0,0,1,1
24,Pentagon Papers for a New Era: Government Secrecy Examined Sources Say,0,1,0,1,1
25,Education Gaps Widen as Pandemic Disrupts Learning in Latest Development,0,1,0,1,1
26,How Gerrymandering Threatens Fair Representation as Tensions Rise,1,0,0,1,1
27,Pentagon Papers for a New Era: Government Secrecy Examined,0,1,0,1,1
28,Inflation Surge Threatens American Families - Report,1,0,0,1,1
29,COVID-19 Vaccine Rollout Faces Distribution Challenges | Opinion,0,1,0,1,1
30,How Misinformation Became a Public Health Crisis Amid Growing Concerns,1,0,0,1,1
31,The Filibuster Debate: What's Really at Stake as Tensions Rise,0,1,0,1,1
32,Deadly Shooting Highlights Gun Control Debate Amid Growing Concerns,1,0,0,1,1
33,Illegal Immigration Costs Taxpayers Billions | Opinion,1,0,0,1,1
34,Deadly Shooting Highlights Gun Control Debate | Opinion,0,1,0,1,1
35,Immigration Reform Remains Elusive Despite Bipartisan Support Amid Growing Concerns,0,1,0,1,1
36,Inflation Surge Threatens American Families (Updated),1,0,0,1,1
37,Experts Warn of Growing Inequality in America as Tensions Rise,0,1,0,1,1
38,Cancel Culture Claims Another Victim (Updated),1,0,0,1,1
39,Illegal Immigration Costs Taxpayers Billions,1,0,0,1,1
40,Americans Fed Up With Rising Gas Prices Under Biden in Latest Development,0,1,0,1,1
41,Experts Warn of Growing Inequality in America - Report,0,1,0,1,1
42,Tech Giants Face Antitrust Scrutiny as Tensions Rise,1,0,0,1,1
43,The Struggle for Affordable Housing in America's Cities Amid Growing Concerns,1,0,0,1,1
44,Fact Checker: Political Claims on Immigration Miss the Mark as Tensions Rise,0,1,0,1,1
45,Global Supply Chain Disruptions Reshape the Economy in Latest Development,0,1,0,1,1
46,Breaking: Climate Change Report Warns of Dire Consequences as Tensions Rise,1,0,0,1,1
47,Analysis: Democracy Faces Its Greatest Test in Decades | Opinion,1,0,0,1,1
48,A Reckoning on Race Forces America to Confront Its Past - Report,0,1,0,1,1
49,A Reckoning on Race Forces America to Confront Its Past Amid Growing Concerns,1,0,0,1,1
50,January 6 Committee Releases Damning Findings,0,1,0,1,1
51,Pentagon Papers for a New Era: Government Secrecy Examined (Updated),0,1,0,1,1
52,Global Democracy in Retreat as Authoritarianism Rises in Latest Development,1,0,0,1,1
53,Tech Regulation Stalls as Industry Influence Grows | Opinion,1,0,0,1,1
54,Parents Fight Back Against Critical Race Theory in Schools,0,1,0,1,1
55,Investigating the Roots of the January 6 Capitol Breach Amid Growing Concerns,1,0,0,1,1
56,Fact Checker: Political Claims on Immigration Miss the Mark Amid Growing Concerns,0,1,0,1,1
57,Gun Violence Epidemic Sparks Renewed Calls for Action (Updated),1,0,0,1,1
58,Climate Scientists Issue Urgent Warning on Tipping Points in Latest Development,0,1,0,1,1
59,How Gerrymandering Threatens Fair Representation | Opinion,0,1,0,1,1
60,Trump Administration Faces Backlash Over Immigration Policy in Latest Development,1,0,0,1,1
61,Overnight in Syria,0,0,1,1,1
62,Biden Receives COVID-19 Vaccine,0,0,1,1,1
63,Trump Hotels Charged Secret Service Up to 5 Times the Recommended Rate,1,0,0,1,1
64,Perspectives: Ranked-Choice Voting in NYC,0,1,0,1,1
65,DOJ Rejects McCabe's Appeal to Avoid Charges,1,0,0,1,1
66,"Previewing Tuesday's Primaries in Colorado, Illinois, New York, Oklahoma and Utah",0,1,0,1,1
67,US Gymnasts Criticize FBI's Investigation of Larry Nassar at Senate Hearing,1,0,0,1,1
68,Obama Trump Meet at White House,0,1,0,1,1
69,Perspectives: Marking the One Year Anniversary of George Floyd's Death,1,0,0,1,1
70,U.S. Lawmakers Cite Shortage in Monkeypox Vaccines,0,1,0,1,1
71,Cuomo Declares State of Emergency in New York Over Gun Violence,1,0,0,1,1
72,Jan. 6 Committee Subpoenas 6 Trump Associates,0,1,0,1,1
73,Toni Morrison Passes Away,0,1,0,1,1
74,Perspectives: Do the Environmental Benefits of Nuclear Power Outweigh the Risks?,1,0,0,1,1
75,Former Ambassador to Testify Publicly in Impeachment Probe Friday,1,0,0,1,1
76,Climate Change Deal Reached with China,0,1,0,1,1
77,AP Suing Over Emails,0,1,0,1,1
78,Would Elon Musk's Takeover of Twitter Be Good or Bad?,1,0,0,1,1
79,Turkish Military Offensive in Syria Begins,0,0,1,1,1
80,Analysis of Georgia Election,0,0,1,1,1
81,Hillary Clinton to Announce on Sunday,0,0,1,1,1
82,Gay Marriage in the News,0,0,1,1,1
83,Book By John Bolton Alleges Trump Tied Aid To Investigations,1,0,0,1,1
84,House Delays Resolution Condemning Anti-Semitism,0,1,0,1,1
85,Congress Meets to Confirm Electoral College Results,0,1,0,1,1
86,"Fiona Hill, David Holmes Testimonies End Week of Impeachment Hearings",1,0,0,1,1
87,McCarthy Pulls All Five GOP Members From Jan. 6 Committee After Pelosi Rejects Two of His Appointees,1,0,0,1,1
88,Turkey Shoots Down Russian Jet,0,1,0,1,1
89,$1.9T Stimulus Bill Nears Passage,0,1,0,1,1
90,"4 Dead, More Than 150 Unaccounted For After Miami Building Collapse",0,1,0,1,1
91,"Trump Reverses Course on Stimulus, Urges Congressional Approval",1,0,0,1,1
92,Candidates Fundraise Billions Ahead of Heated Midterm Elections,1,0,0,1,1
93,Debt Ceiling Extension,0,1,0,1,1
94,Immigration Reform In Doubt,1,0,0,1,1
95,"Harris, Biden Mistakenly Mention 'Harris Administration'; Reports Come Mainly from Right-Rated Media",1,0,0,1,1
96,House Passes Gun Bills Despite Likelihood of Failure in Senate,0,1,0,1,1
97,Consumer Prices Rise 4.2% in Largest Yearly Increase Since 2008,0,0,1,1,1
98,Jeb Endorses Cruz,0,0,1,1,1
99,"Trump Taps Lana Marks, Handbag Designer and Mar-a-Lago Member, for Ambassador to South Africa",0,1,0,1,1
100,Will Trump's Defamation Lawsuit Against CNN Succeed?,1,0,0,1,1
101,UK Becomes First Country To Authorize Use Of Merck's COVID-19 Pill,0,1,0,1,1
102,Hannity Backtracks on New York Times Report,1,0,0,1,1
103,"Paul Manafort Sent to Jail, Pending Trial",1,0,0,1,1
104,Labor Day Celebration Canceled After Bombs Found,0,1,0,1,1
105,Trump Admin Suspends Certain Visas Through End of 2020,0,1,0,1,1
106,Perspectives: 'One Nation Under God',1,0,0,1,1
107,Differing Narratives Emerge on SCOTUS Frontrunner Amy Coney Barrett,1,0,0,1,1
108,Democratic WV Governor Goes Republican,0,1,0,1,1
109,Biden's Supreme Court Commission Raises Concerns About Adding Justices,0,0,1,1,1
110,New GOP Primary Polls,0,0,1,1,1
111,"Sanders Releases Doctors' Letters Saying He's ""In Good Health""",0,1,0,1,1
112,Obama on Immigration,1,0,0,1,1
113,Obama to Expand Drug Clemency,1,0,0,1,1
114,Gun Background Check Failure,0,1,0,1,1
115,Theresa May in Peril,1,0,0,1,1
116,US Ends COVID-19 Testing Requirement for International Air Travelers,0,0,1,1,1
117,Breaking Down Legal Questions on Biden's Student Loan Forgiveness Plan,0,1,0,1,1
118,Gay Marriage Upheld in NV and ID,0,0,1,1,1
119,China Orders U.S. Chengdu Consulate To Close Amid Rising Tensions,1,0,0,1,1
120,Kabul Bombing Leaves Shadow Over U.S-Taliban Negotiations,1,0,0,1,1
121,Obama Cuts His Salary,0,1,0,1,1
122,Benghazi Emails Released,0,1,0,1,1
123,Small Company With Zinke Ties Wins Puerto Rico Contract,1,0,0,1,1
124,Gun Control after Colorado,0,1,0,1,1
125,"Syria Signs Paris Climate Accord, U.S. Only Country Opposed",1,0,0,1,1
126,Facts About Hunter Biden's Overseas Business Dealings,1,0,0,1,1
127,Will Boehner Keep His Job,0,1,0,1,1
128,Comey to Testify on Russian Interference,1,0,0,1,1
129,Trump and Kim Jong Un Meet in Singapore,0,1,0,1,1
130,Bernie Closes In On Clinton,1,0,0,1,1
131,Trump Tweets About Global Warming,0,1,0,1,1
132,Trump Year 1 Review,0,1,0,1,1
133,Student Loan Relief Application Goes Live as Questions Remain,1,0,0,1,1
134,Obama Acknowledges Website Problems,0,1,0,1,1
135,US to Donate 500 Million Additional Vaccine Doses to Other Countries,1,0,0,1,1
136,Perspectives: Americans Compare Strategies As Biden Predicts Russia-Ukraine Invasion,0,1,0,1,1
137,"Bipartisan Senate Report on January 6 Finds Intelligence, Security Failures",1,0,0,1,1
138,US Imposes New Sanctions on Russia,1,0,0,1,1
139,Zimmerman Not Guilty,0,1,0,1,1
140,Dallas Shooting Kills At Least 5 Cops,1,0,0,1,1
141,Bannon Returns to Breitbart,0,1,0,1,1
142,White House Announces 17 Medal of Freedom Recipients,1,0,0,1,1
143,Trump Campaign Advisor Pleads Guilty,0,1,0,1,1
144,Snowden Leaves Moscow Airport,0,1,0,1,1
145,Michael Flynn Breaks Ties with Trump’s Lawyers over Russia Probe,1,0,0,1,1
146,July Employment Report,0,1,0,1,1
147,ACA deadline delayed for some employers,1,0,0,1,1
148,John McCain to End Treatment for Brain Cancer,0,1,0,1,1
149,"Unpacking Primary Election Results in Arizona, Michigan, Kansas, Washington and Missouri",1,0,0,1,1
150,Obama focuses agenda on economic inequality,1,0,0,1,1
151,Holder Heads to Ferguson,0,1,0,1,1
152,Budget Deficit Totals Hit $735B through January,0,1,0,1,1
153,"Stacey Abrams's VP Push Glorified, Rebuked by Opposite Sides of Media",1,0,0,1,1
154,"Biden Says US Will Move to End Normal Trade Relations With Russia, Ban More Imports",1,0,0,1,1
155,EU Eases COVID-19 Travel Restrictions for Vaccinated Tourists,0,1,0,1,1
156,"With Labor Day as Backdrop, 2020 Campaigns Try to Satisfy Workers",0,1,0,1,1
157,FDA to Meet to Consider Pfizer-BioNTech Emergency Coronavirus Vaccine Authorization,1,0,0,1,1
158,Questioning From Senators Begins In The Impeachment Trial,1,0,0,1,1
159,Deputy Attorney General suggested using a wire to record President Trump,0,1,0,1,1
160,White House Announces It Will Not Participate In Impeachment Inquiry,0,1,0,1,1
161,Seattle Violence,1,0,0,1,1
162,Men Convicted in Hate Crime Murder of Ahmaud Arbery Get 2nd Life Sentence,1,0,0,1,1
163,Sessions Under Fire,0,1,0,1,1
164,Obamacare Employer Mandate Delayed,0,1,0,1,1
165,Senate Votes to Push Back on Trump's Tariffs,1,0,0,1,1
166,Judge Questions Legality of NSA Phone Records,1,0,0,1,1
167,"Denying Abortion Medication Could Violate Civil Rights Laws, Biden Admin Tells Pharmacies",0,1,0,1,1
168,Two Fox News Contributors Quit in Opposition to Tucker Carlson's Jan. 6 Documentary,1,0,0,1,1
169,"Supreme Court Allows Texas Abortion Law to Remain in Place, Sets Oral Arguments for Nov. 1",0,1,0,1,1
170,America Celebrates Christmas,0,1,0,1,1
171,Trump Gets Jeers and Cheers at UFC Event in NYC,1,0,0,1,1
172,Will the January 6 Committee's Latest Hearing Have an Impact?,1,0,0,1,1
173,Trump Picks State Department Spokeswoman Heather Nauert As Next UN Ambassador,0,1,0,1,1
174,Preparing for 1st Debate,0,1,0,1,1
175,Justice Scalia Dies at 79,1,0,0,1,1
176,White House Disputes Reports on Biden-Ukraine Call,1,0,0,1,1
177,Trump Ends ACA Subsidies,0,1,0,1,1
178,Betsy DeVos to Cancel $150M in Student Loan Debt After Losing Court Battle,0,1,0,1,1
179,Second Woman Accuses Kavanaugh of Sexual Misconduct,1,0,0,1,1
180,Eric Holder Reflects on Career,0,0,1,1,1
181,Ft. Hood Trial,0,0,1,1,1
182,Political and Financial Impact of Brexit,0,0,1,1,1
183,Trump at CPAC,0,0,1,1,1
184,Trump Gives Speech on Afghanistan,0,1,0,1,1
185,Biden Urges Businesses to Prepare ‘Immediately’ for Potential Russian Cyberattacks,0,1,0,1,1
186,Perspectives: Anti-Semitism and Cancel Culture,1,0,0,1,1
187,Snowden Amnesty Deal,1,0,0,1,1
188,"Perspectives: Schools, Families Face Challenging Return to the Classroom",0,1,0,1,1
189,Are Democratic Candidates Ignoring Voter’s Economic Worries?,1,0,0,1,1
190,First Case of Omicron Variant Detected in US,0,1,0,1,1
191,Murder Charge in UVA Death,0,1,0,1,1
192,Biden Defends Comments About Working With Segregationists,1,0,0,1,1
193,"Manafort Has Three Passports, Traveled Under Fake Name",0,1,0,1,1
194,Pandemic Unemployment Benefits Expire For 7.5 Million Americans,1,0,0,1,1
195,Debating Ebola Quarantine,0,1,0,1,1
196,Louisiana State Senate Fails to Override Governor's Veto of Transgender Athlete Ban,1,0,0,1,1
197,David Duke Endorsement for Trump,0,1,0,1,1
198,Bipartisan Civics Education Bill: Warranted Action or Woke Ploy?,1,0,0,1,1
199,Trump Backs House Immigration Bills,0,1,0,1,1
200,Clinton Foundation Acknowledges Mistakes,1,0,0,1,1
201,Analysis of Trump’s Speech to the UN,0,1,0,1,1
202,Filibuster Over Lynch Nomination,1,0,0,1,1
203,Media Reacts to FBI Raid of Mar-a-Lago,1,0,0,1,1
204,Net Neutrality Rules Officially Expire,0,1,0,1,1
205,Austin Bomber Suspect Dead,0,1,0,1,1
206,Judge Blocks Trump's Transgender Health Rule Hours Before It Was to Go Into Effect,1,0,0,1,1
207,Senate to Vote on Amy Coney Barrett's Supreme Court Nomination,0,1,0,1,1
208,Civilian Evacuations Begin in Mariupol,1,0,0,1,1
209,Google Co-founders Step Down From Parent Company,0,1,0,1,1
210,"Al Franken Accused of Sexual Assault, Will Undergo Ethics Probe",1,0,0,1,1
211,Ramadan Mubarak 2020,0,1,0,1,1
212,Hillary Gives Speech on Criminal Justice,1,0,0,1,1
213,"""Trump University"" Documents Unsealed",0,1,0,1,1
214,Bracing for Netanyahu,1,0,0,1,1
215,"GOP Senator Susan Collins to Vote ""Yes"" on Kavanaugh",1,0,0,1,1
216,President Trump Will Pardon Dinesh D’Souza,0,1,0,1,1
217,Mid Term Election Hopes,1,0,0,1,1
218,Preview of Thursday's 2020 Presidential Debate,0,1,0,1,1
219,Arizona Governor Considers Anti-Gay Bill,1,0,0,1,1
220,Allegedly Christie Knew of Closures,0,1,0,1,1
221,Bill Clinton Talks on Night 2,0,1,0,1,1
222,Notre Dame Burns As the World Watches,1,0,0,1,1
223,White House Aide Resigns,1,0,0,1,1
224,Merry Christmas 2015,0,1,0,1,1
225,"U.S. Reaches Nearly 100,000 New Daily COVID-19 Cases",0,1,0,1,1
226,"AOC Responds to Video Portraying Her as ""Enemy of Freedom,"" Opens up About Death Threats",1,0,0,1,1
227,Candidates on Foreign Policy,0,1,0,1,1
228,Reaction to Gorsuch,1,0,0,1,1
229,Americans Among 200 People on Evacuation Flight From Kabul,1,0,0,1,1
230,Hagel Nomination goes to Senate,0,1,0,1,1
231,US Releases Report on Jamal Khashoggi Killing,1,0,0,1,1
232,White House Says Biden to Sign Executive Orders On Gun Measures,0,1,0,1,1
233,The White House to Unveil a $1.5 Trillion Infrastructure Plan,0,0,1,1,1
234,Analysis of the Comcast deal,0,0,1,1,1
235,Fact Check: Reports Misleading on Status of Immigrant Children,1,0,0,1,1
236,Reports Say DACA Is Over,0,1,0,1,1
237,Examining China's Role in the Russia-Ukraine Conflict,0,1,0,1,1
238,Key Clean Energy Program Likely to Be Cut From Budget Bill,1,0,0,1,1
239,Ebola Quarantine Guidelines,0,1,0,1,1
240,Saudi Arabia Bombs Yemen Rebels,1,0,0,1,1
241,Florida Gov. DeSantis Signs ‘Anti-Riot’ Law,1,0,0,1,1
242,Governors to Have Final Say in Re-opening States; Trump Unveils New Virus Guidelines,0,1,0,1,1
243,Gun Legislation Filibuster Threat,1,0,0,1,1
244,US Stays in Iran Nuclear Deal For Now,0,1,0,1,1
245,Court Ruling on Travel Ban,0,0,1,1,1
246,Typhoon Mangkhut Hits China,0,0,1,1,1
247,Analyzing the CNN Debate,0,1,0,1,1
248,White House Requested The USS John S McCain Be Moved,1,0,0,1,1
249,Oscar Pistorius Found Guilty,1,0,0,1,1
250,Biden Signs Inflation Reduction Act Into Law,0,1,0,1,1
251,Congress Leaves Washington,0,1,0,1,1
252,Will Your State Ban Abortion if the Supreme Court Overturns Roe v Wade?,1,0,0,1,1
253,New Supreme Court Term,0,1,0,1,1
254,Congress Passes Bill to Raise Debt Ceiling,1,0,0,1,1
255,Early Voting Breaks Records; Which Party Will Benefit?,1,0,0,1,1
256,Perspectives: Holocaust Remembrance Day,0,1,0,1,1
257,Perspectives: President Trump's Impeachment Acquittal,1,0,0,1,1
258,Hillary’s Economic Speech,0,1,0,1,1
259,No Strategy for ISIS,1,0,0,1,1
260,New Campaign Ads,0,1,0,1,1
261,Perspectives: Kyle Rittenhouse Trial,0,1,0,1,1
262,Stormy Daniels Files Lawsuit Against President Trump,1,0,0,1,1
263,"Comey Calls Trump ""Morally Unfit to be President""",1,0,0,1,1
264,Previewing Tuesday's Primaries and Special Elections,0,1,0,1,1
265,Top US General Expects Ukraine War to Last Years,0,1,0,1,1
266,Rebooting Marco Rubio,1,0,0,1,1
267,Trump’s First 100 Days,0,1,0,1,1
268,Perspective: The COVID-19 Pandemic's Negative Impacts on Youth Mental Health,0,0,1,1,1
269,Vatican Says Church 'Does Not and Cannot' Bless Same-Sex Unions,1,0,0,1,1
270,Not Ready to Support Trump,0,0,1,1,1
271,"Senate Votes 95-1-1 to Ratify NATO Membership for Sweden, Finland",0,1,0,1,1
272,Senate Majority Leader Mitch McConnell Defends The Filibuster,1,0,0,1,1
273,House Passes Biden's $1.9T Spending Bill,0,1,0,1,1
274,Nunes Steps Aside,1,0,0,1,1
275,House Funds Border Wall,0,0,1,1,1
276,GOP Strategy Meeting,0,0,1,1,1
277,2014 State of the Union Preview,0,1,0,1,1
278,New York Times Flip-Flops on Tom Cotton's Op-Ed,1,0,0,1,1
279,Fox News Says It Does 'Not Condone' Hannity and Pirro Participating in Trump Campaign Rally,1,0,0,1,1
280,Tulsa Gunman Bought Gun Hours Before Shooting His Physician and 3 Others,0,1,0,1,1
281,Rand Paul Wins Straw Poll,0,0,1,1,1
282,Minimum Wage Plan,0,0,1,1,1
283,Studies Suggest Omicron is Much Less Severe Than Other COVID-19 Variants,0,1,0,1,1
284,February 2013 Jobs Report,0,1,0,1,1
285,Book Says Gen. Milley Secretly Acted to Limit Trump's Nuclear Powers and Reassure Chinese Counterpart After Jan. 6,1,0,0,1,1
286,Clinton Pulled Into Debate,1,0,0,1,1
287,Levi's Executive Says She Was 'Pushed Out' Over Opposition to COVID-19 School Closures,1,0,0,1,1
288,President Trump Shows Altered Map of Hurricane Dorian,0,0,1,1,1
289,Trump Retweets #FireFauci Tweet,1,0,0,1,1
290,Healthcare Workers Face Coronavirus Up Close,0,1,0,1,1
291,Affluenza Teen Captured,1,0,0,1,1
292,Pete Buttigieg Ends Democratic Presidential Campaign,0,1,0,1,1
293,China Promises Retaliation to US Sanctions Over Uighur Internment Camps,0,1,0,1,1
294,Both Sides Declare Victory in Neil Young-Joe Rogan Spotify Standoff Over COVID-19 Claims,1,0,0,1,1
295,What Does the LA City Council Scandal Reveal About Race and Politics?,0,0,1,1,1
296,GOP Stalls Hagel Nomination,0,0,1,1,1
297,Russia Signals Openness to Diplomacy Despite US Warning of Potential Invasion This Week,0,0,1,1,1
298,Stabbing of British Lawmaker Investigated as Possible Terrorist Attack,0,0,1,1,1
299,Trump Acceptance Speech,0,1,0,1,1
300,President Obama in Israel,0,1,0,1,1
301,How Do We Know if We’re in a Recession?,1,0,0,1,1
302,"Biden to Raise Refugee Cap to 125,000 from Trump’s 15,000",1,0,0,1,1
303,John Conyers’ Sexual Misconduct,1,0,0,1,1
304,Previewing Tuesday's Primaries in New Hampshire and Elsewhere,0,1,0,1,1
306,Trump to Speak at CPAC,0,0,1,1,1
307,"Obama, Trump, and Biden Make Final Midterm Push in Pennsylvania",0,0,1,1,1
308,Aftermath of the Kavanaugh Confirmation,0,1,0,1,1
309,Trump Courts Black Voters,1,0,0,1,1
310,Hypothetical 2016 Elections,0,0,1,1,1
311,Fact Checking the 2nd Dem Debate,0,0,1,1,1
312,Senate Filibuster Changes,0,1,0,1,1
313,Academy Awards Speeches Touch on Unity and Politics to Mixed Reactions,1,0,0,1,1
314,NYT's Controversial Coverage of Sexual Assault Allegation Against Joe Biden,1,0,0,1,1
315,Perspectives: Biden's Attempt to Bring 'Healing' to Kenosha,1,0,0,1,1
316,No Guns for Marijuana Users,0,0,1,1,1
317,What Would Bill’s Role Be?,0,0,1,1,1
318,George Floyd's Brother Testifies Before Congress,0,0,1,1,1
319,Pro-Life March,1,0,0,1,1
320,Trump Calls Mexico’s Bluff,0,1,0,1,1
321,"Reports Say Netanyahu Secretly Met With Saudi Crown Prince, Saudis Deny Meeting Happened",1,0,0,1,1
322,Understanding Caucuses,0,0,1,1,1
323,Senate to Vote on Spending Bill,0,1,0,1,1
324,Pre-Election Jobs Report,0,0,1,1,1
325,Jeff Sessions to Establish 'Religious Liberty Task Force',0,1,0,1,1
326,Trump Warns North Korea,1,0,0,1,1
327,Biden Calls Fox News Reporter a 'Stupid SOB',1,0,0,1,1
328,May Jobs Report Better Than Expected,1,0,0,1,1
329,New York Opens Criminal Investigation of Trump Organization,0,1,0,1,1
330,Invoking the 5th Amendment,0,1,0,1,1
331,Pensacola Shooting Under Investigation After Four Killed,0,1,0,1,1
332,DOJ: Ferguson Police Racially Biased,1,0,0,1,1
333,"Sen. Jeff Flake Calls for Week Delay on Kavanaugh Senate Floor Vote, Requests FBI Investigation",0,1,0,1,1
334,Dem Debates: Round Four,0,1,0,1,1
335,January 6 Committee Says Trump May Have Engaged in Criminal Conduct,1,0,0,1,1
336,"Will US, Russia Hold Ukraine Summit as Tensions Mount?",1,0,0,1,1
337,Syria Strikes Stalled,0,0,1,1,1
338,Xi Jinping Calls for “Rejuvenation of The Chinese Nation” at CCP Congress,0,1,0,1,1
340,"Documents Taken by Trump Contained Classified Information, National Archives Says",0,0,1,1,1
341,"New Hampshire Abolishes Death Penalty, Overriding Governor's Veto in Bipartisan Effort",1,0,0,1,1
342,Japan Restarts Commercial Whaling After Decades,0,0,1,1,1
343,Supreme Court Hears Gun Rights Case,0,0,1,1,1
344,Mississippi Sen. Hyde-Smith Draws Backlash for Joke About 'Public Hanging',0,0,1,1,1
345,Mixed Signals on Gun Control,0,0,1,1,1
346,FDA Authorizes Pfizer's COVID-19 Antiviral Pill,0,0,1,1,1
347,Betsy Devos Rolls Back Title IX,0,0,1,1,1
348,AOC Gives First Endorsement to Moderate Dem's Challenger,0,1,0,1,1
349,Contractors Spread Blame for Healthcare.gov,1,0,0,1,1
351,Megyn Kelly Apologizes for Blackface Comments,1,0,0,1,1
352,Primaries Today In 5 States Test Trump’s Influence,0,1,0,1,1
353,Secretary of Defense James Mattis Resigns,0,0,1,1,1
354,"Food, Gas Prices Rise as Consumer Spending Increases",0,0,1,1,1
355,Should Republicans Support or Oppose Supreme Court Nominee Ketanji Brown Jackson?,1,0,0,1,1
356,Senate Votes to Advance Infrastructure Package,0,0,1,1,1
357,NY Doctor Tests Positive for Ebola,0,0,1,1,1
358,Perspectives: Concerns About Consumer Inflation,1,0,0,1,1
359,Sequester Politics,0,1,0,1,1
360,"President Trump Pays Visit to Troops Overseas, Reopens Talks with Taliban",1,0,0,1,1
361,Trump Legal Team Says Mar-a-Lago Probe has 'Spiraled Out of Control',0,1,0,1,1
362,Calls Mount for Minnesota Freedom Fund Spending Accountability,0,1,0,1,1
363,"Trump Suggests Delaying November Election, Citing Voter Fraud Concerns",1,0,0,1,1
364,Medicare Cuts,1,0,0,1,1
365,2nd Amendment Activists Rally Against Gun Control Legislation in Virginia,0,0,1,1,1
366,"Live Election Results: Republicans Gain in Senate, Democrats Win House",1,0,0,1,1
367,Biden To Require All Federal Employees To Get Vaccinated Or Undergo Regular Testing,0,0,1,1,1
368,Why are Florida Republicans Sparring With Disney?,0,1,0,1,1
369,Arrest Made in Brussels,0,0,1,1,1
370,Work Continues on $1T Bipartisan Infrastructure Bill,0,0,1,1,1
371,Beau Biden Dies at 46,0,0,1,1,1
372,"Democrats Warnock, Ossoff Projected to Win Georgia Runoffs; Party Will Likely Control Senate",0,0,1,1,1
373,Trump Compares US and Russia,0,0,1,1,1
374,Obamacare Ruling,0,1,0,1,1
375,Debate Commission Will Mute Microphones at Upcoming Presidential Debate,1,0,0,1,1
376,FCC Proposes New Rules,0,0,1,1,1
377,Russia Accused of Doping,1,0,0,1,1
378,Bobby Jindal for President,0,1,0,1,1
379,Julián Castro Drops Out of Primaries,0,0,1,1,1
380,5th Anniversary of Stimulus Plan,0,0,1,1,1
382,Biden Leads Vote Count; Trump Initiates Legal Challenges,0,0,1,1,1
383,Hurricane Ian: Florida Begins Recovery as Storm Moves Toward South Carolina,0,0,1,1,1
384,Fact Check: Is There Over $1 Trillion in Unspent COVID-19 Relief Funds?,1,0,0,1,1
385,Mueller Teams Up With IRS,0,1,0,1,1
386,"President Trump Plans Executive Order, Sanctions on Turkish Government",0,1,0,1,1
387,Controversial Anti-Gay Bill,1,0,0,1,1
388,What Role Did Border Patrol Agents Have in Killing the Uvalde School Shooter?,1,0,0,1,1
389,Fiscal Cliff Deadline Approaches,0,1,0,1,1
390,Gowdy and Benghazi,0,1,0,1,1
391,"Ted Cruz, Anthony Fauci Engage in War of Words",0,0,1,1,1
392,Tanks And Flyovers Are Planned For July 4th In Washington,1,0,0,1,1
393,Massive Earthquake Hits Mexico,1,0,0,1,1
394,Obamacare Survives SCOTUS Challenge,1,0,0,1,1
395,SCOTUS Upholds Lethal Injection,0,0,1,1,1
396,Trump Tweets About Russian Election Interference,0,1,0,1,1
397,"HHS Secretary Becerra Says Comments About ""Government's Business"" and Vaccination Status Were Taken Out of Context",0,1,0,1,1
398,Perspectives: The Safety and Practicality of COVID-19 Vaccine Development,1,0,0,1,1
399,House Votes to Keep Plans,0,1,0,1,1
400,Scott Walker Endorses Ted Cruz,0,1,0,1,1
401,"Coronavirus Stunts Global Travel, Affects Airlines",1,0,0,1,1
402,Rand Paul Filibuster,0,0,1,1,1
403,"U.S. Coronavirus-Related Death Count Reaches 600,000",0,0,1,1,1
404,Copenhagen Shooting,0,0,1,1,1
405,"Unsealed Records Detail Alleged Abuses, Accomplices of Jeffrey Epstein and Ghislaine Maxwell",1,0,0,1,1
406,2nd Trump Impeachment Trial Starts Tuesday,0,1,0,1,1
407,Romney and Trump Meet,0,0,1,1,1
408,Trump Considering Personal Pilot to Head FAA,0,1,0,1,1
409,"Links Between Cannabis, Illness Persist Despite Legalization Pushes",1,0,0,1,1
410,Russia Offered Afghan Militants Bounties to Kill U.S. Soldiers,1,0,0,1,1
411,Two Days Until,0,1,0,1,1
412,Senate GOP Unveils Police Reform Bill,0,1,0,1,1
413,World Leaders Pledge to Cut Methane Emissions by 30%,1,0,0,1,1
414,Perspectives: Israel-Hamas Ceasefire Begins,1,0,0,1,1
415,Romney in London,0,1,0,1,1
416,Alabama Amazon Workers Vote Against Unionizing,1,0,0,1,1
417,Congress Passes COVID-19 Relief Bill,0,0,1,1,1
418,April 2014 Jobs Report,0,1,0,1,1
419,Shake Shack Returns Small Business Loan,0,0,1,1,1
420,President Trump Withdraws from Iran Deal,0,1,0,1,1
421,Pentagon Says Russia Violated Airspace,0,0,1,1,1
422,Sticking Points in Nuclear Talks,0,0,1,1,1
423,Ohio 'Heartbeat Bill' Fails to Pass After Senate Falls One Vote Short of Overriding Kasich Veto,1,0,0,1,1
424,Jeb Cuts Campaign Budget,0,1,0,1,1
425,"Trump Admin Lifts Sanctions on Companies Tied to Russian Oligarch, Issues New Sanctions Over Election Interference",0,0,1,1,1
426,Nevada School Shooting,0,1,0,1,1
427,Punish Russia,1,0,0,1,1
428,House Leadership Clinches Budget Deal,0,0,1,1,1
429,President Trump Says He Discussed Joe Biden With The Ukrainian President,0,0,1,1,1
430,Perspectives: Should Voting be Mandatory?,0,0,1,1,1
431,NBC Issues Correction After Network Misquotes Trump on Robert E. Lee,0,1,0,1,1
432,Need-to-know Coronavirus Advice and Information,0,1,0,1,1
433,"'With or without congress,' Trump Will Secure Border Wall Mulvaney Says",1,0,0,1,1
434,Trump Foundation to Dissolve Amid Lawsuit From New York Attorney General,1,0,0,1,1
435,Senate Advances Farm Bill,0,1,0,1,1
436,"Jobless Claims Drop to Pandemic-Era Low of 498,000",0,1,0,1,1
437,Contrite White House defends Obamacare,1,0,0,1,1
438,"With Kharkiv Reclaimed, Is Ukraine Winning the War Against Russia?",1,0,0,1,1
441,"California's Theft Penalties, Bail Policies in Spotlight Amid Crime Wave",1,0,0,1,1
442,Controversial Labor Pick,0,1,0,1,1
443,The Truth about Pizzagate,0,1,0,1,1
444,Secret Service Siezes $286 Million in Stolen COVID Relief Funds,1,0,0,1,1
446,Trump Dominates Ahead of Super Tuesday,0,1,0,1,1
447,Democrats and Republicans Issue Warnings to White House Against Firing Mueller,1,0,0,1,1
449,Trump Pardons Arpaio,0,1,0,1,1
451,Trump Says He Will Not Fire Kellyanne Conway For Hatch Act Violations,1,0,0,1,1
452,New Deportation Push,1,0,0,1,1
453,Daughter of Putin Ally Killed in Car Bombing,0,1,0,1,1
454,"Biden Cancels $10,000 of Student Loans for Borrowers Earning Under $125,000",0,1,0,1,1
455,Justice Department Changing Legal Team On Census Case,0,1,0,1,1
456,Trump Holds Off on Wall Funding,1,0,0,1,1
457,Jobless Claims Topped 1 Million Last Week,0,1,0,1,1
458,Migrant Flights to Martha’s Vineyard: Inhumane Political Stunt or Justified Relocation to Sanctuary Cities?,1,0,0,1,1
459,Two NYPD Officers Murdered,1,0,0,1,1
460,"Shanahan Out, Esper Named Acting Secretary of Defense",0,0,1,1,1
461,Analysis of Affirmative Action Decision,1,0,0,1,1
462,World Leaders React To US-UK-Australia Nuclear Submarine Deal,0,0,1,1,1
463,Cheney on CIA Report,0,1,0,1,1
464,Perspectives: Cuban Protests,1,0,0,1,1
465,"Trump Sues House Jan. 6 Committee, National Archives to Block Records Request",1,0,0,1,1
467,Latest Election Polls,0,0,1,1,1
468,Primary Results From Arizona and Florida,0,1,0,1,1
469,Trump Administration is to Reinstate all Iran Sanctions,0,0,1,1,1
470,Poll: Most Mexicans want to deport unauthorized migrants,1,0,0,1,1
477,House Passes Resolution to Restrict Trump's War Powers,0,1,0,1,1
478,Feds Plan Sweep of Recent Immigrants,1,0,0,1,1
479,"Perspectives: Biden, Sanders Elevated as Dems' 2020 Frontrunners After Dropouts",1,0,0,1,1
482,Sessions Tapped as Attorney General,0,0,1,1,1
483,Trump Holds First Rally Since Mar-a-Lago Search,0,1,0,1,1
485,Joseph Maguire Named Head of National Intelligence,0,1,0,1,1
486,Trump Gets Jeers After Colorado Wall Comments,0,0,1,1,1
487,"Joe Rogan's Prior Use of N-Word Sparks More Criticism, Defenses of Free Speech",1,0,0,1,1
490,Pataki Enters Republican Field,0,1,0,1,1
491,Bastille Day Terror,1,0,0,1,1
492,Supreme Court Debates Gay Marriage,0,1,0,1,1
493,Republicans Shift and Debate Abortion Stances Ahead of 2022 Elections,1,0,0,1,1
494,California Truckers Block Oakland Port to Protest Labor Law,0,0,1,1,1
495,"Migrant Buses Arrive in Chicago, Expanding Abbott’s Immigration-Surge Response",0,1,0,1,1
497,Perspectives: Black Friday 2021,0,1,0,1,1
500,"VP Harris Discuss Southern Border, Threats to Democracy in MSNBC Interview",1,0,0,1,1
503,Paul Ryan Taking a Hit,0,0,1,1,1
506,FDA Endorses Moderna's COVID-19 Vaccine for Emergency Use,0,0,1,1,1
507,Talks Continue on Fiscal Crisis,1,0,0,1,1
508,Attorneys at Chauvin Trial to Make Final Pitch,0,1,0,1,1
509,"Dems and GOP Strike Short-Term Deal on Debt, but Larger Divide Remains",0,1,0,1,1
510,Michael Brown’s Family to Sue,1,0,0,1,1
514,White House to Develop COVID-19 'Vaccine Passports',0,1,0,1,1
515,Giuliani Race Comments,1,0,0,1,1
516,"Around the World, Inflation Worsens",0,0,1,1,1
517,DeSantis Signs Bill Ending Disney's Self-Governing District,0,1,0,1,1
528,Emails Linked Al Qaeda,1,0,0,1,1
529,Analysis of the December 2017 Jobs Report,0,1,0,1,1
530,Biden Reportedly Wrote Recommendation Letter for Son's Chinese Business Associate,1,0,0,1,1
536,Trump to Declare National Emergency for Border Wall,0,0,1,1,1
537,"Debate, Moderators Criticized for Apparent Media Bias",0,0,1,1,1
538,SCOTUS Dismisses Travel Ban Case,0,1,0,1,1
539,House Republicans Block Democrats' Attempt to Subpoena Trump-Putin Interpreter,1,0,0,1,1
540,Biden to Host Summit Countering Hate-Fueled Violence,1,0,0,1,1
541,"Proposed Education Budget Prompts Support, Questions",0,1,0,1,1
542,Big Tech CEOs Face Antitrust Hearing,0,1,0,1,1
543,Cuomo Resigns Amid Sexual Harassment Allegations,1,0,0,1,1
544,Momentum (or Not) for Trump,1,0,0,1,1
545,Susan Rice Email Adds Layer to Flynn Controversy,0,1,0,1,1
546,CNN Criticized Over Lanny Davis Story,1,0,0,1,1
547,Hurricane and Politics,0,1,0,1,1
548,Refugee Program Possible,0,0,1,1,1
549,Senate to Vote on Gun Bill Amendments,0,0,1,1,1
550,Flynn willing to testify,0,0,1,1,1
551,Mississippi Senate Primary Run-off,0,0,1,1,1
552,Perspectives: Obama's 60th Birthday Party,0,0,1,1,1
553,Supreme Court Justice Ruth Bader Ginsburg Dies at 87,0,0,1,1,1
554,Criticisms at Prayer Breakfast,0,1,0,1,1
555,Cuomo Releases Statement Amid Sexual Harassment Claims; NY Preps Probe,1,0,0,1,1
556,Trump’s War with Intel,1,0,0,1,1
557,Trump Responds to Samantha Bee Comment,0,1,0,1,1
558,Happy Thanksgiving,0,0,1,1,1
559,Obama Meets with Palestinian Leaders,0,0,1,1,1
560,Israeli Ground Forces Attack Gaza Strip,1,0,0,1,1
561,Russia Ramps Up Attacks on Key Ukrainian City,0,1,0,1,1
562,Stocks Rise,0,1,0,1,1
563,Senate Democrats Walk Out of Committee Meeting To Protest Kavanaugh Vote,1,0,0,1,1
564,Governor Jay Inslee (D-WA) Announces Bid For The Presidential Nomination,0,0,1,1,1
565,June 2013 Jobs Report,0,0,1,1,1
566,Trump Pulls Ahead,0,1,0,1,1
567,CNN Airs Recordings of Melania Trump Discussing Child Separation Criticism,1,0,0,1,1
568,Will Trump Return to Twitter if Elon Musk Reverses His Permanent Ban?,0,1,0,1,1
569,"Melania Trump Gives Rare Television Interview, Talks White House, Bullying, and #MeToo",1,0,0,1,1
570,"Hillary, Barack ""Hug it Out""",1,0,0,1,1
571,"Biden Unveils Coronavirus Plan, Warns It Will Take Time To See Improvement",0,1,0,1,1
572,Being at a Budget Impasse,0,1,0,1,1
573,Paul Manafort Found Guilty on Eight Counts of Bank and Tax Fraud,1,0,0,1,1
574,The Coronavirus Pandemic and Voting by Mail,0,0,1,1,1
575,White House Gun Control Campaign,0,0,1,1,1
576,Obama Speech on Terror,1,0,0,1,1
577,Does Netanyahu Support Palestinian State?,0,1,0,1,1
578,President Trump Holds Christmas Eve Teleconference with Troops Overseas,0,0,1,1,1
579,Congressman Eric Swalwell Of California Is Running For President,0,0,1,1,1
580,Democrat Doug Jones Captures Alabama Seat,0,1,0,1,1
581,NAFTA Safe for Now,1,0,0,1,1
582,Cotton Defends Remarks on Slavery,1,0,0,1,1
583,Stampede in Shanghai,0,1,0,1,1
584,Tillerson’s Turn,0,1,0,1,1
585,"Daily New U.S. COVID-19 Cases Dip Below 100,000, Health Officials Say It's 'Too Soon' To Ease Restrictions",1,0,0,1,1
586,Senate Takes on Russian Hacking,1,0,0,1,1
587,Immigration Reform Strategies,0,1,0,1,1
588,Uneasy Alliances Between Russia and the US,1,0,0,1,1
589,Boehner and the Debt Ceiling Vote,0,1,0,1,1
590,Paris Terror Raid,0,1,0,1,1
591,Were This Year's Presidential Election Polls Right or Wrong?,1,0,0,1,1
592,Abbott Considers Challenging Right to Education for Children of Unauthorized Migrants,1,0,0,1,1
593,North Korea Launches Rocket,0,1,0,1,1
594,Miranda Rights for Boston Bomber,0,1,0,1,1
595,Market Meltdown at Opening Bell,1,0,0,1,1
596,Trump Says Antifa Will Be Designated a Terrorist Organization,1,0,0,1,1
597,Perspectives: School District Accused of Covering Up Sexual Assault by Gender-Fluid Student,0,1,0,1,1
598,Russian Court Extends Brittney Griner’s Detention Until May,0,1,0,1,1
599,Mueller Files New Charges Against Paul Manafort and Rick Gates,1,0,0,1,1
600,Gallup Names Donald Trump and Michelle Obama as 2020's Most Admired Man and Woman,1,0,0,1,1
601,Haitian President Jovenel Moise Assassinated at Home,0,1,0,1,1
602,Senate Budget Plan,0,1,0,1,1
603,Justice Department Asks Dozens of Trump-appointed Attorneys to Resign,1,0,0,1,1
604,Remaking the Presidency with Trump Cabinet,1,0,0,1,1
605,Election 2016 Reactions,0,1,0,1,1
606,Iran To Break Limit On Uranium Stockpile,1,0,0,1,1
607,"Cuomo Administration Underreported COVID-19 Nursing Home Deaths, NY AG Report Says",0,1,0,1,1
608,Trump Admin Creates Conscience and Religious Freedom Office,0,1,0,1,1
609,Polls Show Netanyahu Down,1,0,0,1,1
610,Perspectives: Bipartisanship in Biden's First 100 Days,1,0,0,1,1
611,Romney/Ryan Polls,0,1,0,1,1
612,Republicans Pessimistic About Immigration,1,0,0,1,1
613,Do Recent Democratic Wins Cast Doubt on GOP's Midterm Prospects?,0,1,0,1,1
614,The Final Stretch,1,0,0,1,1
615,Trump Taps Christopher Wray to Head FBI,0,1,0,1,1
616,"As Summer Winds Down, Vaccine Speculation Heats Up",0,1,0,1,1
617,"North Korea Fires Pair of Short-Range Missiles, Twice in a Week",1,0,0,1,1
618,Highlights from DNC Night 1,0,1,0,1,1
619,What is the Media Saying About Biden’s New Student Loan Forgiveness Plan?,1,0,0,1,1
620,Trump Speaks in Poland,0,1,0,1,1
621,New York Attorney General Eric Schneiderman Resigns Amid Reports of Assault,1,0,0,1,1
622,Delegate Hunt in N. Dakota,1,0,0,1,1
623,Immigration Debate Continues in the Senate,0,1,0,1,1
624,Bannon is Out,0,1,0,1,1
625,"Putin-Linked Businessman Says ""We are Interfering"" in US Elections",1,0,0,1,1
626,Analysis of Detroit GOP Debate,0,1,0,1,1
627,"Sec. of Transportation Elaine Chao Has Yet to Divest Shares, as She Had Promised to do",1,0,0,1,1
628,Actor Jussie Smollett Is Arrested Over False Attack Report,1,0,0,1,1
629,ABC Anchor Amy Robach Says Network Suppressed Jeffrey Epstein Reporting,0,1,0,1,1
630,Federal Judge Allows Lawsuit Against President Trump's Business Interests to Move Forward,1,0,0,1,1
631,Political Impact of Hurricane Sandy,0,1,0,1,1
632,Perspectives: Transgender Op-Ed Piece Fuels Partisan Divide Over Gender Issues,1,0,0,1,1
633,S. Africa COVID-19 Variant Detected In US; Vaccine Manufacturers Test Effectiveness Against It,0,1,0,1,1
634,Trump Team Sues Capital One And Deutsche Bank Over Democrat Subpoenas,1,0,0,1,1
635,October 2015 Jobs Report,0,1,0,1,1
636,Time Magazine names its Person of the Year,0,1,0,1,1
637,New Benghazi Hearings,1,0,0,1,1
638,Castro Tapped for HUD,0,1,0,1,1
639,Jan. 6 Hearing Highlights Trump’s Pressure on State Officials,1,0,0,1,1
640,2020 Census Results Show Big Changes to America's Racial and Ethnic Makeup,1,0,0,1,1
641,Obama Immigration Proposal,0,1,0,1,1
642,Biden Administration to Prepare Infrastructure Package Up to $3 Trillion,0,1,0,1,1
643,"Pope Francis Changes Catholic Church's Official Stance on Death Penalty, Declaring it 'Inadmissible' in All Cases",1,0,0,1,1
644,GOP Plan Against Trump,1,0,0,1,1
645,"Vaccines Credited as New COVID-19 Cases, Deaths Decline",0,1,0,1,1
646,Supreme Court Religious Cases,0,1,0,1,1
647,House Impeachment Managers Emphasize Danger to Top Officials,1,0,0,1,1
648,Guyger Found Guilty of Murder,0,1,0,1,1
649,Trump Under Pressure to Lift Jones Act,1,0,0,1,1
650,Obama Paris Press Conference,0,1,0,1,1
651,"Fauci, Paul Debate Over NIH Funding of Wuhan Lab",1,0,0,1,1
652,Special Counsel Appointed,0,0,1,1,1
653,Deal Reached in the Ukraine,0,0,1,1,1
654,How Coronavirus Will Alter 2020 Election for Top Candidates,0,0,1,1,1
655,Florida Recounts Continue,0,0,1,1,1
656,Perspectives: “Voter Suppression” or “Election Integrity”?,1,0,0,1,1
657,Comey Memos on Trump Meetings Published,0,1,0,1,1
658,White House Legal Team Shake Up,0,1,0,1,1
659,"San Francisco Officials Declare NRA a ""Domestic Terrorist Organization""",1,0,0,1,1
660,"29% Of Humanity Was ‘Moderately’ or ‘Severely’ Food Insecure in 2021, UN Says",1,0,0,1,1
661,"Economy Grew at Robust 3.5% in Third Quarter, But Business Spending Slowed",0,1,0,1,1
662,Texas Abortion Bill Passes,0,1,0,1,1
663,Senate Healthcare Debacle,1,0,0,1,1
664,"Amid Coronavirus Pandemic, Good News is Still Available",1,0,0,1,1
665,Potential Default Nears,0,1,0,1,1
666,Election Day 2013,0,1,0,1,1
667,"Fauci Is 'Confident' Omicron Cases Will Peak By February, Infections Trending In 'Right Direction'",1,0,0,1,1
668,British PM Boris Johnson Remains In Intensive Care,0,1,0,1,1
669,"Biden Considers Paying $450,000 To Family Members Separated At Southern Border",1,0,0,1,1
670,Trump Holds Town Hall with Undecided Voters; Media Coverage Differs,1,0,0,1,1
671,"US Jobless Claims Dip to 385,000",0,1,0,1,1
672,"Ex VA Gov.,Wife Guilty of Corruption",1,0,0,1,1
673,CNN's Jim Acosta and White House Press Secretary Sarah Sanders Clash,0,1,0,1,1
674,Russia and Ukraine Meet for Talks,0,0,1,1,1
675,Financial Regulations Order,0,0,1,1,1
676,Romney VP,0,1,0,1,1
677,US Sending Advanced Rocket Systems to Ukraine,1,0,0,1,1
678,NY District Judge Says He'll Dismiss Sarah Palin Libel Lawsuit,1,0,0,1,1
679,Possible Sighting of Prison Escapees,0,1,0,1,1
680,Blast at Texas Fertilizer Plant,1,0,0,1,1
681,Trump Encourages Voting by Mail in Florida,0,1,0,1,1
682,Positive Looks at 2020,0,1,0,1,1
683,Florida Schools Roll Out New LGBTQ+ Policies as Parental Rights in Education Bill Takes Effect,1,0,0,1,1
684,Overtures on Debt Negotiations,0,1,0,1,1
685,Netflix Announces Deal With Obamas,1,0,0,1,1
686,Defense Considers Appeal for Derek Chauvin,0,1,0,1,1
687,Navy Captain Dismissed After Coronavirus Complaint,1,0,0,1,1
688,"Senate Democrats Raise Concerns Over FBI's Handling of 4,500 Kavanaugh Tips",1,0,0,1,1
689,Roy Moore Wins in Alabama,0,1,0,1,1
690,Trump Lawyers Seek to Halt Book Release,1,0,0,1,1
691,Prepping for the 1st Debate,0,1,0,1,1
692,New Conservative Views on Immigration,0,1,0,1,1
693,Ukraine Forces Withdraw,1,0,0,1,1
694,Two Benghazi Parents Sue Hillary Clinton,1,0,0,1,1
695,Wall Street Trade Temporarily Halted as S&P Drops 7% at Opening,0,1,0,1,1
696,Rep. Al Green Files Impeachment Articles,0,1,0,1,1
697,Massive Manhunt for Belgium Bombers,1,0,0,1,1
698,Hillary Officially Running in 2016,0,0,1,1,1
699,Rice Resigns from Consideration,0,0,1,1,1
700,Trade War Slows as Wall Street Recovers,0,1,0,1,1
701,Clinton or Sanders?,1,0,0,1,1
702,’Fake News’ Award Winners are Revealed,0,1,0,1,1
703,Virginia Governor Refuses to Resign After Racist Photo,1,0,0,1,1
704,Protests in St. Louis,0,1,0,1,1
705,Representative Katie Hill (D-CA) Resigns Amid Allegations Of Staffer Relationship,1,0,0,1,1
706,"Police Killing of Ma’Khia Bryant, Who Attacked 2 With Knife, Sparks Outcry, Media Criticism",1,0,0,1,1
707,Republican Field Grows,0,1,0,1,1
708,Trump Accuses FBI and DOJ of Political Bias,1,0,0,1,1
709,Average US Gas Prices Hit All-time High,0,1,0,1,1
710,Perspectives: Should Vaccinated People Mask Up Again?,1,0,0,1,1
711,"U.S. Deficit, Nearing $1 Trillion, Reaches Seven-Year High",0,1,0,1,1
712,Violence and Looting Escalate as Protests Over George Floyd Death Continue,1,0,0,1,1
713,Jeb Says “Stuff Happens”,0,1,0,1,1
714,Deal Reached on Trade Pact,0,1,0,1,1
715,Trump Disbands Business Councils,1,0,0,1,1
716,ViacomCBS Fires Nick Cannon for Anti-Semitic Comments,0,1,0,1,1
717,US Prepares for Syria Strike,1,0,0,1,1
718,Sessions Rescinds Obama-era Marijuana Rules,0,1,0,1,1
719,Warrant Issued For Ousted Ukraine Leader,1,0,0,1,1
720,"As Nuclear Talks Resume, Iran's Top Negotiator Moves to Start With Clean Slate",0,1,0,1,1
721,Trump Slams His Ex-Attorney Over Leaked Conversation,1,0,0,1,1
722,School Surveillance Footage Shows Police Response to Uvalde Shooting,0,1,0,1,1
723,Taliban Use Violence in Response to Protests and Dissent,1,0,0,1,1
724,Obama to Announce SCOTUS Pick,0,1,0,1,1
725,Trump Immigration Comments,1,0,0,1,1
726,Gavin Newsom Recall Effort Reaches Enough Signatures to Qualify for Ballot,1,0,0,1,1
727,Fact Checking the Debate,0,1,0,1,1
728,Perspectives: Americans Remain Split On Severity Of China-Russia Alliance,1,0,0,1,1
729,Federal Judge Orders Georgia Review All Provisional Ballots,0,1,0,1,1
730,GOP Head Into Midterms,0,0,1,1,1
731,Hong Kong Leader Withdraws Extradition Bill,0,0,1,1,1
732,Are Building Standards Too Restrictive?,1,0,0,1,1
733,Chicago Teachers Strike,0,1,0,1,1
734,"Woodward, Sperling Emails Revealed",0,1,0,1,1
735,Fighting Continues in Syria Despite Cease-fire,1,0,0,1,1
736,Flynn Under Investigation for Plan to Kidnap Turkish Dissident,0,1,0,1,1
737,Gay Marriage Ruling Fallout,1,0,0,1,1
738,Protestors Set Minneapolis Police Station on Fire; Officers Flee,1,0,0,1,1
739,Dems Lose Louisiana Seat,0,1,0,1,1
740,Sydney Hostage Crisis,0,0,1,1,1
741,ICE to Start Raids on Sunday,0,0,1,1,1
742,U.S. House Committee Advances D.C. Statehood Bill,0,1,0,1,1
743,Trump Criticizes Democratic Agenda in CPAC Speech,1,0,0,1,1
744,Rabbi Speaks Out After Synagogue Shooting In San Diego,0,0,1,1,1
745,Hurricane Laura Brings Tornado Threat after Louisiana Landfall,0,0,1,1,1
746,Controversy Mounts Over Trump's Cancellation of Brennan's Security Clearance,1,0,0,1,1
747,Military Tensions Flare Between China and Taiwan,1,0,0,1,1
748,House GOP options to avoid shutdown,0,1,0,1,1
749,Obama Downplays Snowden Case,1,0,0,1,1
750,White House Staffing Changes,0,1,0,1,1
751,"Virus Cases Surge in Some States, Forcing Reversals",1,0,0,1,1
752,GA Election Heads to Runoff,0,1,0,1,1
753,President Trump Officially Discloses Reimbursing Michael Cohen for Stormy Daniels Payment,1,0,0,1,1
754,G-7 Leaders Commit to Donate 1 Billion Vaccine Doses to Other Countries,0,1,0,1,1
755,"US, China Sign 'Phase One' Trade Deal",0,1,0,1,1
756,New York Sues National Rifle Association For Corruption,1,0,0,1,1
757,Post Convention,0,1,0,1,1
758,Perspectives: Violence Escalates Between Hamas and Israel,1,0,0,1,1
759,Perspectives: Military Leaders' Testimony on Afghanistan Withdrawal Contradicts Biden,1,0,0,1,1
760,Supreme Court Gay Marriage Hearings,0,1,0,1,1
761,Senate Holds Biden Cabinet Confirmation Hearings,1,0,0,1,1
762,Tonight’s Address to Congress,0,1,0,1,1
763,Perspectives: Black Friday in a Pandemic,1,0,0,1,1
764,Trump-Backed Candidate Wins Maryland GOP Gubernatorial Primary,0,1,0,1,1
765,"Biden Administration Orders ICE, CBP to Stop Using Terms 'Alien,' 'Illegal'",1,0,0,1,1
766,How Will Elon Musk Change Twitter and Online Free Speech?,0,1,0,1,1
767,Germany Puts New Restrictions on the Unvaccinated,0,0,1,1,1
768,The States Poised to Restrict or Outlaw Abortion,0,0,1,1,1
769,EPA Finalizes Tighter Fuel Emissions Standards for 2026,0,1,0,1,1
770,Poll Controversy,1,0,0,1,1
771,Obama Proposes Grand Bargain For Jobs,0,1,0,1,1
772,May Jobs Report Sparks Debate on Who Deserves Credit for Strong Economy,1,0,0,1,1
773,How Are Big Tech Companies Responding to Incoming Abortion Restrictions?,1,0,0,1,1
774,Apple Unveils New Products,0,1,0,1,1
775,"Contradictory Data Fuels Split Narratives on Economy, Inflation",0,1,0,1,1
776,"Fed Suggests More Rate Hikes, Economic 'Pain' as Inflation Fight Continues",1,0,0,1,1
777,DC Mayor Requested Federal Assistance for Bussed Texas Migrants,1,0,0,1,1
778,Perspectives: Biden’s First Press Conference,0,1,0,1,1
779,Polarized on Gun Sit-in,0,1,0,1,1
780,"RNC Censures Cheney, Kinzinger for Working With Jan. 6 Panel",1,0,0,1,1
781,Biden Seeks to Boost US Solar Industry Amid Probe of Potential Chinese Trade Violations,1,0,0,1,1
782,Democrats and Republicans Still Split on Coronavirus Stimulus Deal as Cases Rise,0,1,0,1,1
783,South Africa Feels 'Punished' For Detecting Omicron Variant,1,0,0,1,1
784,SCOTUS Vacancy Impacts Senate Races,0,1,0,1,1
785,US and EU Agree to End Dispute Over Aircraft Subsidies,0,1,0,1,1
786,What Caused 2021's Record-Setting Inflation?,1,0,0,1,1
787,Perspectives: Derek Chauvin Convicted of Murder,1,0,0,1,1
788,Leaked Pandora Papers Show Tax Havens for Rich and Famous,0,1,0,1,1
789,"New Trans Rights Laws in Idaho Highlight Cultural, Media Divide",1,0,0,1,1
790,Rush Limbaugh Breaks With Trump,0,1,0,1,1
791,Paying Tribute to Nelson Mandela,0,1,0,1,1
792,D-Day 70th Anniversary,1,0,0,1,1
793,Suspected Chinese Spy Targeted US Politicians Including Eric Swalwell,1,0,0,1,1
794,Federal Deficit Increases 32 Percent to $895 Billion,0,1,0,1,1
795,"US, Taiwan Agree to Talks on New Trade Deal Amid China Tensions",0,1,0,1,1
796,Mark Zuckerberg Arrives on Capitol Hill,1,0,0,1,1
797,Biden Appoints All-Women White House Press Team,1,0,0,1,1
798,Happy New Year 2019!,0,1,0,1,1
799,Jan. 6 Panel Reportedly Finds ‘Gaps’ in Trump White House Phone Records,0,1,0,1,1
800,"Excitement, Fear as States Begin to Reopen",1,0,0,1,1
801,Texas Debates Abortion,1,0,0,1,1
802,Fifth Jan. 6 Public Hearing Focuses on Justice Department,0,1,0,1,1
803,A Bernie/Trump Debate?,1,0,0,1,1
804,"Mikhail Gorbachev, Soviet Union's Last Leader, Dead at 91",0,1,0,1,1
805,Fundraisers Leave Jeb,0,1,0,1,1
806,Georgia Secretary of State's Office to Launch Probe Into Trump's Election Phone Calls,1,0,0,1,1
807,Preparing for Kavanaugh and Ford Testimony,0,1,0,1,1
808,Christie Suggests Social Security Changes,1,0,0,1,1
809,Sanders Says Clinton Not Qualified,1,0,0,1,1
810,Supreme Court Limits Civil Asset Forfeiture,0,1,0,1,1
811,FCC Commissioner Calls for Ban on TikTok Over Data Security Concerns,1,0,0,1,1
812,WHO Probe Says Theory That Pandemic Leaked from Chinese Lab is Unlikely,0,1,0,1,1
813,Kamala Harris's 'Equity' Remark About Hurricane Ian Aid Sparks Criticism,1,0,0,1,1
814,Sessions Vows to Fight Bias at DOJ,0,1,0,1,1
815,Perspectives: New NYC Mayor Eric Adams's Comments on 'Low-Skilled Workers',1,0,0,1,1
816,State-by-State Virus Management Under Watch as Reopenings Continue,0,1,0,1,1
817,Why are Democrats Boosting Pro-Trump Candidates in the 2022 Primaries?,1,0,0,1,1
818,New York Passes Law Expanding Abortion Rights,0,1,0,1,1
819,Trump Reacts to London Tube Attack,1,0,0,1,1
820,Biden Signs Executive Order on Climate Change,0,1,0,1,1
821,McCarthy Faces Partisan Fallout Over Leaked Jan. 6 Remarks,1,0,0,1,1
822,GOP Convention Bounce,0,1,0,1,1
823,Leaked Power Contract Shows Audit Restrictions,1,0,0,1,1
824,DC Manhunt Ends,0,1,0,1,1
825,Trump Won’t Endorse Ryan - Yet,1,0,0,1,1
826,Reactions to POTUS Address,0,1,0,1,1
827,Government Shutdown Begins,0,1,0,1,1
828,"CDC Updates Guidelines Again, Says COVID-19 Can Be Airborne",1,0,0,1,1
829,"Columbus Day, Indigenous Peoples Day, or Both?",1,0,0,1,1
830,Trump Weighs Rejoining Trans-Pacific Partnership,0,1,0,1,1
831,Trump Says He Misspoke on Russian Election Meddling,1,0,0,1,1
832,Trump’s Foreign Policy Speech,0,1,0,1,1
833,Trump Taps Rick Perry for Energy,1,0,0,1,1
834,'Howdy Modi' Event Draws President Trump,0,1,0,1,1
835,Bulk of Obamacare Likely Safe in New Supreme Court Case,1,0,0,1,1
836,Kamala Harris Discusses Her Approach to Immigration,0,1,0,1,1
837,UK Judge Denies Request to Extradite Julian Assange to the US,1,0,0,1,1
838,"Texas, Missouri Sue Biden, Attempt to Reinstate 'Remain In Mexico' Policy",0,1,0,1,1
839,"Biden Reportedly Nears Decision on $10,000 of Student Loan Forgiveness",1,0,0,1,1
840,White Nationalist March at UVA,0,1,0,1,1
841,What's Causing The Growing Mental Health Crisis Among US Teens?,1,0,0,1,1
842,Biden Reflects on First Year at Press Conference,0,1,0,1,1
843,More Than 5 Million Americans Missed Second Vaccine Dose,1,0,0,1,1
844,Tokyo Olympics Organizers Ban Foreign Spectators,0,1,0,1,1
845,Outgoing Kentucky Gov. Bevin Pardons 428 Criminals on Last Day,0,1,0,1,1
846,How Did the Ebola Breach Happen,1,0,0,1,1
847,International Workers Celebrate May Day Amid Ongoing US Union Battles,0,1,0,1,1
848,Perspectives: Canceling Cancel Culture,1,0,0,1,1
849,"New US Sanctions Target Russian Oligarchs, Energy Companies",1,0,0,1,1
850,Media Coverage of Jobs Report Tweet,0,1,0,1,1
851,Uncertainty Surrounds Virus Relief Negotiations,1,0,0,1,1
852,GOP Lawmakers Move To Impeach Deputy Attorney General Rosenstein,0,1,0,1,1
853,VP Debate,0,1,0,1,1
855,Poll Says 55% of Americans Disapprove of Media's Coronavirus Response,1,0,0,1,1
856,"Jobless Claims Rise to 778,000",0,1,0,1,1
857,Biden Pitches New Spending Framework to Senate Dems,1,0,0,1,1
858,Turmoil Spreads to Yemen,1,0,0,1,1
859,Author of 'Anonymous' Op-Ed Revealed as Former DHS Chief of Staff Miles Taylor,0,1,0,1,1
860,Black Friday kicks off,0,1,0,1,1
861,Jan. 6 Committee Holds First Prime-Time Hearing on Capitol Riot,1,0,0,1,1
862,Bill Gates: Rich Countries 'Should Move to 100% Synthetic Beef',1,0,0,1,1
863,Trump Pardons Oregon Ranchers Whose Case Sparked Wildlife Refuge Standoff,0,1,0,1,1
864,Rubio Expresses Skepticism Over GOP Trickle-Down Tax Strategy,0,1,0,1,1
865,South Dakota to Send Troops to Texas Border,1,0,0,1,1
866,New York Times Apologizes For A Tweet About New Sexual Misconduct Allegation Against Brett Kavanaugh,1,0,0,1,1
867,President Trump Delivers Two-Hour Speech at CPAC,0,1,0,1,1
868,Biden Heads to Iowa,0,1,0,1,1
869,Could the Battle for the Donbas Change the Russia-Ukraine Conflict?,1,0,0,1,1
870,Countries Balance Climate Pledges with Economic Strains at COP27,0,1,0,1,1
871,Week Two Of Public Hearings Into The Trump Impeachment Inquiry,1,0,0,1,1
872,Clinton Email Scandal Continues,1,0,0,1,1
873,Jan. 6 Committee Considers Seeking Testimony From Pence and Trump,0,1,0,1,1
874,No Progress After White House Meeting,1,0,0,1,1
875,North Korea Back Online,0,1,0,1,1
876,Government Reopens,0,1,0,1,1
877,Dennis Hastert Indicted,1,0,0,1,1
878,Joe Walsh Ends Primary Bid Against Trump,1,0,0,1,1
879,Romney vs Reid,0,1,0,1,1
880,"Merkel, Obama Repair Relationship",0,1,0,1,1
881,Parents of Bombing Suspects to be Questionned,1,0,0,1,1
882,Ahmaud Arbery Killing Puts Racial Violence Under Microscope,0,1,0,1,1
883,"Trump Says Up to 15,000 Troops Will Go to Border Ahead of Migrant Caravan",1,0,0,1,1
884,Trump Delays Climate Accord Decision,1,0,0,1,1
885,Justice Department Releases Redacted Mar-a-Lago Affidavit,0,1,0,1,1
886,Honoring America’s Veterans,0,1,0,1,1
887,New US Jobless Claims Drop to Pandemic Low,1,0,0,1,1
888,POTUS Starts Tweeting,0,1,0,1,1
889,"Biden Fields Criticism on Border Crisis From GOP, Arizona Dems",1,0,0,1,1
890,Los Angeles County Reinstates Indoor Mask Mandate,0,1,0,1,1
891,Biden Taps Former FDA Chief David Kessler to Lead Coronavirus Vaccination Efforts,0,0,1,1,1
892,Perspectives: Martin Luther King Jr. Day 2022,0,0,1,1,1
893,"Committee Releases Jan. 6 Texts from Fox Hosts, Trump Jr.",1,0,0,1,1
894,Fox News Announces It Will Back CNN in Lawsuit Against Trump Administration,0,1,0,1,1
895,Their Own Words: Ford and Kavanaugh,0,1,0,1,1
896,Committee Wants Hillary to Explain,1,0,0,1,1
897,Walmart Announces Program to Pay for Employees' College Tuition,0,1,0,1,1
898,Global Climate Strike,1,0,0,1,1
899,680 Unauthorized Workers Arrested in Mississippi,0,1,0,1,1
900,Twitter Layoffs Begin After Musk Takeover,1,0,0,1,1
901,Perspectives: James Carville and the Language of 'Wokeness',1,0,0,1,1
902,William Barr Confirmed as Attorney General,0,1,0,1,1
903,How Inflation Will Impact Your Fourth of July Celebrations,1,0,0,1,1
904,Election Update,0,1,0,1,1
905,Hagel Nomination Filibuster,0,1,0,1,1
906,Unemployment Rate Drops,1,0,0,1,1
907,"Trump Is in Excellent Health, According to White House Physician",0,1,0,1,1
908,Facebook Suspends Conspiracy Theorist Alex Jones for 'Hate Speech' and Encouraging 'Physical Harm',1,0,0,1,1
909,Clinton Questioned by FBI,0,1,0,1,1
910,"Cori Bush Testifies Before Congress About 'Racist' Treatment During Childbirth, Faces Backlash For Using Term 'Birthing People'",1,0,0,1,1
911,GOP Resists Anti-Tax Pledge,1,0,0,1,1
912,"G7 Leaders Meet in Germany, Speak With Zelenskyy",0,1,0,1,1
913,Congress Debates Healthcare Proposal,0,0,1,1,1
914,FDA Advisory Panel Backs Pfizer Vaccine for Kids Ages 5 to 11,0,0,1,1,1
915,Trump Tweets About Allegations and Due Process,1,0,0,1,1
916,Yellen Says US Economy Shows No Signs of Recession,0,1,0,1,1
917,Analysis of Benghazi Hearing,1,0,0,1,1
918,"Abbott, O'Rourke Win in 2022 Texas Primaries",0,1,0,1,1
919,Newspapers Voice Concerns Over Tariffs on Canadian Newsprint,0,1,0,1,1
920,Former Florida Governor Candidate Gillum Found With Drugs in Miami Hotel,1,0,0,1,1
921,President Trump Visits Buckingham Palace,1,0,0,1,1
922,Biden Signs $1.2T Infrastructure Bill Into Law,0,1,0,1,1
923,Democratic Wins Prompt Speculation of Biden Comeback,1,0,0,1,1
924,"CDC Report Says Double Masking, Knotting and Tucking Reduce Coronavirus Spread",0,1,0,1,1
925,Perspectives: Trump Hasn't Yet Conceded the Election,0,1,0,1,1
926,Transgender Student Wins Landmark Appeal,1,0,0,1,1
927,Perspectives: Some Gun Activists Dismayed at Biden 'F-15s' Comments,1,0,0,1,1
928,Trump to Call for More Pressure on NK,0,1,0,1,1
929,22 states sue Trump administration for cutting power plant regulations,0,1,0,1,1
930,"At Least 13 US Troops, Over 100 Afghans Killed in Suicide Bombing Near Kabul Airport",1,0,0,1,1
931,Trump Cancels Planned January 6 News Conference,0,1,0,1,1
932,8 Children Killed in Australia,1,0,0,1,1
933,Cruz Picks Fiorina as Running Mate,0,1,0,1,1
934,Colorado School District Moves to 4-Day Week,1,0,0,1,1
935,Preview: Super Tuesday 2020,0,1,0,1,1
936,President Trump Reportedly Interested in Buying Greenland,1,0,0,1,1
937,Trump Names Communications Team,0,1,0,1,1
938,Criticism of Healthcare.gov grows,1,0,0,1,1
939,January 6 Select Committee Hearings Begin,0,1,0,1,1
940,Michael Avenatti Claims to Have Evidence That Brett Kavanaugh Facilitated High School ‘Gang Rapes’,1,0,0,1,1
941,Migrant Children Battle Moves to Congress,1,0,0,1,1
942,Moderna Asks FDA to Authorize COVID-19 Vaccine for Kids Under 6,0,1,0,1,1
943,April 2018 Jobs Report,0,1,0,1,1
944,Sarah Sanders Joins Fox News,1,0,0,1,1
945,Amazon to Cut Bonuses and Stock Incentives After Raising Minimum Wage,1,0,0,1,1
946,What to Watch for: The 2020 Presidential Election,0,1,0,1,1
947,Closing in on a Deal?,0,1,0,1,1
948,"Devin Nunes Sues Twitter, Users for Over $250M Alleging Bias Against Conservatives",1,0,0,1,1
949,Bipartisan House Deal to Avert Shutdown Faces Opposition From Senate Republicans,1,0,0,1,1
950,"Bush Video, Trump Response Shine Light on Hyperpartisanship",0,1,0,1,1
951,Six Injured in Clash Between Free Speech Rally and Counter-Protesters,1,0,0,1,1
952,US to Begin Evacuating Afghan Allies in Late July,0,1,0,1,1
953,"Controversial Study Estimates ""Superspreader"" Sturgis Motorcycle Rally Linked to 266,000 COVID-19 Cases",1,0,0,1,1
954,Kamala Harris Holds CNN Town Hall After Announcing 2020 Candidacy,0,1,0,1,1
955,House To Vote on Resolution Condemning Trump Tweets,0,1,0,1,1
956,US Intelligence Reportedly Anticipated Coronavirus Pandemic,1,0,0,1,1
957,Protests Over Bank Account Access in China Turn Violent,1,0,0,1,1
958,Liz Truss: What Can We Learn From the UK’s Shortest-Serving Prime Minister?,0,1,0,1,1
959,"Rivers Run Dry as Droughts and Heat Waves Persist in North America, Europe and Asia",1,0,0,1,1
960,Senate Prepares For Showdown On National Emergency Declaration,1,0,0,1,1
961,"US States, World Gradually Ease COVID-19 Restrictions",0,1,0,1,1
962,Report: Some Members of Congress Benefited From PPP Loan Program,1,0,0,1,1
963,Rittenhouse Judge Bans MSNBC From Courtroom Over Alleged Attempt to Photograph Jurors,0,1,0,1,1
964,Perspectives: Evaluating Kamala Harris as Biden's VP Choice,1,0,0,1,1
965,Indiana To Clarify New Law,0,1,0,1,1
966,Norquist Anti-Tax Pledge,0,1,0,1,1
967,Rioting Rocks Baltimore,1,0,0,1,1
968,Changes to the Democratic Platform,1,0,0,1,1
969,Campaign Finance,0,1,0,1,1
970,Trump to Demand Border Wall Money in Budget,0,1,0,1,1
971,Are Republicans Ready To Move On From Donald Trump?,1,0,0,1,1
972,"Was Hutchinson's Jan. 6 Testimony Damning, or Deserving of Skepticism?",1,0,0,1,1
973,Biden Comment Controversy,0,1,0,1,1
974,"US, China Join Paris Climate Pact",0,1,0,1,1
975,How Would Overturning Roe v Wade Impact the 2022 Elections?,1,0,0,1,1
976,Defense Department Announces Additional $775 Million Ukraine Aid Package as Russian Invasion Stalls,1,0,0,1,1
977,Jobless Claims Fall to Another Pandemic Low,0,1,0,1,1
978,Verizon Drops OAN from TV Product,0,1,0,1,1
979,AG Merrick Garland Testifies Before House Judiciary Committee,1,0,0,1,1
980,Low Enrollment Numbers for ACA,0,0,1,1,1
981,Fiscal Cliff Analysis,0,0,1,1,1
982,Pennsylvania Judges Uphold New Congressional Map,0,0,1,1,1
983,Editorials on Gun Control,0,0,1,1,1
984,Stacey Abrams Ends Bid for Georgia Governor,0,0,1,1,1
985,Secret Service Head to Testify,0,0,1,1,1
986,Remembering Fallen Service Members on Memorial Day,0,1,0,1,1
987,China Retaliates as US Tariffs Take Effect,1,0,0,1,1
988,"Manchin, Schumer Strike Deal on $739B Spending Package",0,1,0,1,1
989,Trump Tweets About Potential Protesters Ahead of Saturday Tulsa Rally,1,0,0,1,1
990,Gas Rebate Cards? What the White House May Do About High Gas Prices,1,0,0,1,1
991,Supreme Thursday,0,1,0,1,1
992,"Kellyanne Conway, Reporter Under Fire Over Question Dispute",0,1,0,1,1
993,"House Democrats Propose Rule Changes, Eliminate Gendered Language for Incoming Congress",1,0,0,1,1
994,Former U.S. Presidents Raise $31 Million for Hurricane Victims,1,0,0,1,1
995,Obamacare fix now in a fix,0,1,0,1,1
996,"Nancy Pelosi Discusses Attack on Husband, Says it Will Influence Retirement Decision",1,0,0,1,1
997,UN Releases Report on Human Rights Violations in China's Xinjiang,0,1,0,1,1
998,Healthcare Reform in the Senate,0,1,0,1,1
999,Will Obama Convince Sanders?,1,0,0,1,1
1000,GOP Candidate Beats Trump-Backed Opponent in Texas House Runoff,1,0,0,1,1
1001,Could The US Adopt A Four-Day Workweek?,0,1,0,1,1
1002,House Leaders Unveil Budget Bill,0,1,0,1,1
1003,Romney Taxes,1,0,0,1,1
1004,California to Ban Sales of New Gas-Powered Cars by 2035,0,0,1,1,1
1005,More on the FBI Probe,0,0,1,1,1
1006,Trump Denounces Critics of PR Response,1,0,0,1,1
1007,Biden Administration Extends Student Loan Payment Pause to Jan. 2022,0,1,0,1,1
1008,Trump’s Religious Freedom Executive Order,0,1,0,1,1
1009,Jeb Bush on Immigration,1,0,0,1,1
1010,"Speaker Pelosi Visits Armenia, Blames Azerbaijan for Recent Fighting",1,0,0,1,1
1011,"'People's Convoy' Arrives in Washington, DC",0,1,0,1,1
1012,Kim Kardashian Fined $1.26M for Unlawfully Promoting Cryptocurrency,1,0,0,1,1
1013,Trump Draws Backlash for Mocking Kavanaugh Accuser Christine Blasey Ford,0,1,0,1,1
1014,"Perspectives: The Global Impact of Facebook, WhatsApp and Instagram Going Dark",1,0,0,1,1
1015,Democrats Issue Subpoena for Full Mueller Report,0,1,0,1,1
1016,Sessions Faces Grilling in Senate Today,1,0,0,1,1
1017,OPEC+ Agrees To Boost Oil Production as Gas Prices Remain High Worldwide,0,1,0,1,1
1018,"White House Defends Soleimani Killing In New Memo, Leaves Some Skeptical",1,0,0,1,1
1019,"Fed Hikes Interest Rate for Third Time This Year, Citing Strong Economy",0,1,0,1,1
1020,FBI Director Wray Testifies About Capitol Breach,0,1,0,1,1
1021,Former Trump Adviser Roger Stone Indicted By A Federal Grand Jury,1,0,0,1,1
1022,Egypt Protests,1,0,0,1,1
1023,Biden Moving Up Vaccine Eligibility Date to April 19th,0,1,0,1,1
1024,Protests Turn Peaceful in MO,0,1,0,1,1
1025,Hillary Trails in 3 Swing States,1,0,0,1,1
1026,Taxes and Fiscal Cliff,0,1,0,1,1
1027,Obama Makes Case for Government,1,0,0,1,1
1028,Florida Governor Asks For Investigation of Senate Race Vote Count,1,0,0,1,1
1029,CDC Recommends Vaccinated People Wear Masks Indoors in High Transmission Areas,0,1,0,1,1
1030,Mixed Reactions to State Pick,0,1,0,1,1
1031,Pelosi Introduces Resolution to Launch January 6 Probe,1,0,0,1,1
1032,North Korea Tests Another Nuke,1,0,0,1,1
1033,Trump Plans Immigration Speech,0,1,0,1,1
1034,Twitter Founder Jack Dorsey Steps Down as CEO,0,1,0,1,1
1035,House GOP Votes to Oust Liz Cheney From Leadership Post,1,0,0,1,1
1036,President Trump Continues Coronavirus Fight at White House,1,0,0,1,1
1037,Merry Christmas 2017,0,1,0,1,1
1038,Covington High School Student Speaks Out Amid Controversy,1,0,0,1,1
1039,Nearly 3 Million Americans Filed for Unemployment Benefits Last Week,0,1,0,1,1
1040,Trump and Putin Summit Underway in Helsinki,1,0,0,1,1
1041,US Ramps Up Vaccine Availability,0,1,0,1,1
1042,Bill Barr's Comments at Hillsdale College Draw Differences in Coverage,1,0,0,1,1
1043,FBI Investigating Whitefish Energy Contract,0,1,0,1,1
1044,Fiscal Deal Analysis,0,1,0,1,1
1045,Trump Played Key Role in Payments Made to Stormy Daniels and Karen McDougal,1,0,0,1,1
1046,Former FBI Lawyer Lisa Page Hits Back At Trump's Attacks,1,0,0,1,1
1047,Federal Judge Blocks Enforcement of Texas Heartbeat Act,0,1,0,1,1
1048,Brexit Delay Approved by EU,0,1,0,1,1
1049,Biden Signs $1.9 Trillion COVID-19 Relief Bill Into Law,1,0,0,1,1
1050,French Police Make Anti-Terror Sweep,1,0,0,1,1
1051,Pence Endorses Opponent of Trump-Backed Candidate for Arizona Governor,0,1,0,1,1
1052,Immigration Order - Facts and Questions,0,1,0,1,1
1053,Egypt President Seizes New Power,1,0,0,1,1
1054,Putin Marks Russia's 'Victory Day' With Speech as Ukraine Conflict Continues,1,0,0,1,1
1055,GOP Delegate Race,0,1,0,1,1
1056,Low Youth Participation in ACA,0,0,1,1,1
1057,"Clinton, Trump Tied in 3 Swing-State Polls",0,0,1,1,1
1058,Fight for Gun Control,1,0,0,1,1
1059,Upcoming State of the Union,0,1,0,1,1
1060,Intel Officials Warn of Possible Russian Interference in 2020 Election,1,0,0,1,1
1061,Trump Vetoes Bill To End US Military Assistance In Yemen,0,1,0,1,1
1062,Fauci Says US Should ‘Seriously’ Consider Vaccine Mandate for Domestic Flights,1,0,0,1,1
1063,Fauci Says He Will Likely Leave Current Position by End of Biden’s Term,0,1,0,1,1
1064,Was Joe Biden Involved in Hunter's Business Deal with a Chinese Energy Firm?,1,0,0,1,1
1065,'Racially Motivated' Shooting Inside Buffalo Supermarket Leaves at Least 10 Dead,0,1,0,1,1
1066,Options for US Military Effort in Syria,1,0,0,1,1
1067,Germany Halts Certification of Nord Stream 2 Gas Pipeline,0,1,0,1,1
1068,Trump Urges GOP Lawmakers to Drop Immigration Effort,1,0,0,1,1
1069,Trudeau's Liberal Party Wins in Canada but Remains a Minority Government,0,1,0,1,1
1070,Yellen Calls for Global Minimum Corporate Tax Rate,1,0,0,1,1
1071,Texas Election Lawsuit Gains Some GOP Support; Others Cast Doubt,0,1,0,1,1
1072,Further Shutdowns Possible?,0,1,0,1,1
1073,"Asked About Peaceful Transition of Power, Trump Says 'We're Gonna Have to See What Happens'",1,0,0,1,1
1074,Perspectives: President Joe Biden's Falling Poll Numbers,1,0,0,1,1
1075,Obama Talks Hillary’s Experience,0,1,0,1,1
1076,Obama on Russian Hacking,1,0,0,1,1
1077,Fight Over Sequester Cuts,0,1,0,1,1
1078,Jackson Nomination Moves Forward After Committee Hits Partisan Deadlock,1,0,0,1,1
1079,NSA at Senate Hearing,0,1,0,1,1
1080,Joe Biden Dismisses Possible Impeachment Trial Witness Swap,0,1,0,1,1
1081,"Democrats Move to Raise Taxes on Businesses, Top Earners",1,0,0,1,1
1082,Talk About Putin Continues,0,1,0,1,1
1083,US National Debt Tops $31 Trillion for First Time,1,0,0,1,1
1084,Election Coverage: Competitive Senate Races,0,1,0,1,1
1085,Trump Speaks to Vets,1,0,0,1,1
1086,India Hosts President Trump,0,0,1,1,1
1087,Flynn and Russia,0,0,1,1,1
1088,Republicans Press New FBI Director,1,0,0,1,1
1089,"Georgia, Louisiana Postpone Primary Elections",0,1,0,1,1
1090,Perspectives: Biden Announces Plan To Regulate 'Ghost Guns',1,0,0,1,1
1091,Obama Proposes Overtime Pay Increase,0,1,0,1,1
1092,"Pfizer Says its COVID-19 Vaccine is Safe, Effective for Kids Ages 5-11",0,0,1,1,1
1093,NRA Recommendation,0,0,1,1,1
1094,Andrew Gillum Concedes to Ron DeSantis in Florida Governor Race,0,0,1,1,1
1095,"Supreme Court to Overturn Roe v Wade, Draft Opinion Shows",0,0,1,1,1
1096,NSA Monitored 35 World Leaders,1,0,0,1,1
1097,Happy Fourth of July 2019!,0,1,0,1,1
1098,Who Will Replace Supreme Court Justice Stephen Breyer?,0,1,0,1,1
1099,White House Revokes CNN Reporter Jim Acosta's Press Credentials After Testy Exchange With Trump,1,0,0,1,1
1100,Is Trump Evolving,0,1,0,1,1
1101,U.S. Lack of Response to Iraq,1,0,0,1,1
1102,When Will Emails Be Released,1,0,0,1,1
1103,"Abrams, Kemp Debate in 2022 Georgia Governor's Race",0,1,0,1,1
1104,Judgement of Sebelius,0,1,0,1,1
1105,Attack at British Parliament,1,0,0,1,1
1106,Trump to Give First State of the Union,0,1,0,1,1
1108,Biden Shows Signs of Improvement in Bout with COVID-19,1,0,0,1,1
1109,Kentucky Clerk Stands Ground,0,1,0,1,1
1110,Democratic Platform,1,0,0,1,1
1111,Ocasio-Cortez Says Pelosi and Schumer Need to Go,0,1,0,1,1
1112,Whistleblower Claims Medical Neglect and High Rate of Hysterectomies at ICE Facility; Coverage Differs,1,0,0,1,1
1113,Annual Inflation Rises to 40-Year High of 9.1%,0,1,0,1,1
1114,Obama and the Mid Term Elections,0,1,0,1,1
1115,Nancy Pelosi Says It May Be Possible To Indict a Sitting President,1,0,0,1,1
1116,Supreme Court Denies Review on Homeless Ticketing Appeal,0,1,0,1,1
1117,Trump Threatens Tariffs on France,1,0,0,1,1
1118,Clinton and DNC Funded Trump-Russia Dossier,1,0,0,1,1
1119,What the NO vote in Scotland means,0,1,0,1,1
1120,"DOJ, Cleveland Police Reach Deal",1,0,0,1,1
1121,COVID-19 Vaccine Speculation Persists; Healthcare Firms Outline Careful Development,0,1,0,1,1
1122,Will Debbie Be Dropped?,1,0,0,1,1
1123,Night 2: Christie on Hillary,0,1,0,1,1
1124,"Trump Calls European Union, Russia, China 'Foes' of U.S.",1,0,0,1,1
1125,Debate: Libya Fact Check,0,1,0,1,1
1128,"US Jobless Claims Rise to 744,000",1,0,0,1,1
1129,"""Skinny Repeal"" Motions Fails",0,1,0,1,1
1130,Perspectives: Obama's 'Defund the Police' Remarks,1,0,0,1,1
1131,$1.1 Trillion Spending Bill,0,1,0,1,1
1132,How Accurate Are Mark Esper's Allegations Against Trump?,1,0,0,1,1
1133,"DOJ Wants Mar-a-Lago Warrant Affidavit Kept Private; Trump, News Outlets Seek Release",0,1,0,1,1
1134,Perspectives: Netanyahu Ousted as Israel's Prime Minister,1,0,0,1,1
1135,"Russian Forces Withdraw From Strategic Snake Island, Ukraine Says",0,1,0,1,1
1136,Suspect in Custody After Texas School Shooting Leaves At Least 8 Dead,1,0,0,1,1
1137,Iran Tests Ballistic Missile,0,1,0,1,1
1138,California Man Indicted For Plotting to Murder Justice Kavanaugh,1,0,0,1,1
1139,OP-ED: Reflections on Bush Presidency,0,1,0,1,1
1140,"Inflation Stayed Hot in May, Hitting Another 40-Year High",0,1,0,1,1
1141,Will the 2022 Elections Be Affected by the Roe v Wade Reversal?,1,0,0,1,1
1142,Walmart Increases Minimum Wage,0,1,0,1,1
1143,Sessions Expands Civil Asset Forfeiture,1,0,0,1,1
1144,One Capitol Police Officer and Suspect Dead After Vehicle Attack,1,0,0,1,1
1145,Congress Back to Work,0,1,0,1,1